{"ObjectsDetail":[{"AVG":[{"index":0,"pos":[10.0,0.7999999523162842,-10.0],"rotate":[0.0,-1.570796251296997,0.0],"angle":[0.0,0.0],"poseular":[-5.179999828338623,6.300000190734863,0.0,0.0,0.0,0.0],"animation":[{"a_pos":[0.0,0.7999999523162842,0.0],"a_rotate":[0.0,0.0,0.0],"a_handpos":[-5.179999828338623,6.300000190734863,0.0],"a_handeular":[0.0,0.0,0.0]},{"a_pos":[10.0,0.7999999523162842,-10.0],"a_rotate":[0.0,-1.570796251296997,0.0],"a_handpos":[-5.179999828338623,6.300000190734863,0.0],"a_handeular":[0.0,0.0,0.0],"a_pathtime":5.0,"a_pathmode":1,"a_circlecenter":[10.0,0.7999999523162842,0.0]}]}]}]}
