{"ObjectsDetail":[{"box":[{"index":0,"state2":"满载","pos":[0.0,0.0,0.0],"rotate":[0.0,0.0,0.0],"angle":[1.0],"poseular":[0.009999999776482582,0.009999999776482582,0.009999999776482582,0.0,0.0,0.0]},{"index":1,"state2":"空载","pos":[4.925075054168701,0.0,0.0],"rotate":[0.0,0.0,0.0],"angle":[0.0],"poseular":[0.0,0.0,0.0,0.0,0.0,0.0]},{"index":2,"state2":"满载","pos":[9.525361061096191,0.0,0.0],"rotate":[0.0,0.0,0.0],"angle":[1.0],"poseular":[0.009999999776482582,0.009999999776482582,0.009999999776482582,0.0,0.0,0.0]}]}]}
